{
  "vertices": [
    [0.0, 0.0, 1.0],
    [0.0, 0.7071067811865476, 0.7071067811865476],
    [0.0, 1.0, 0.0],
    [0.0, 0.7071067811865476, -0.7071067811865476],
    [0.0, 0.0, -1.0],
    [0.7071067811865476, 0.0, 0.7071067811865476],
    [0.7071067811865476, 0.5, 0.5],
    [0.7071067811865476, 0.7071067811865476, 0.0],
    [0.7071067811865476, 0.5, -0.5],
    [0.7071067811865476, 0.0, -0.7071067811865476],
    [1.0, 0.0, 0.0]
  ],
  "faces": [
    [0, 1, 2],
    [0, 5, 6, 1],
    [1, 6, 7, 2],
    [2, 7, 8, 3],
    [3, 8, 9, 4],
    [5, 10, 6],
    [6, 10, 7],
    [7, 10, 8],
    [8, 10, 9]
  ],
  "creases": [
    [0, 5, 0.8],
    [5, 10, 1.0]
  ],
  "metadata": {
    "vertex_count": 11,
    "face_count": 9,
    "edge_count": 18,
    "crease_count": 2
  }
}
